userId,Father of the Bride Part II (1995),Waiting to Exhale (1995),Heat (1995),"American President, The (1995)",Grumpier Old Men (1995),Tom and Huck (1995),Balto (1995),Cutthroat Island (1995),Sabrina (1995),GoldenEye (1995),Dracula: Dead and Loving It (1995),Nixon (1995),Jumanji (1995),Toy Story (1995),Sudden Death (1995),Casino (1995)
2,0,0,0,0,0,0,0,0,0,4,0,0,0,0,0,0
4,0,0,0,0,0,0,0,0,0,4,0,0,0,0,0,0
5,0,0,0,0,4,0,0,0,0,0,0,0,0,0,0,0
7,0,0,0,0,0,0,0,0,0,3,0,0,0,3,0,0
9,0,0,0,0,0,0,0,0,0,0,0,0,0,4,0,0
13,0,0,0,0,0,0,0,0,0,0,0,0,0,5,0,0
15,4.5,0,4,2.5,0,0,0,0,0,3,0,2.5,2,2,0,3.5
17,0,0,4.5,0,0,0,0,0,0,0,0,0,0,0,0,0
18,3,0,4,0,0,0,0,0,3,0,0,2,0,0,3,0
19,0,3,3,3,3,0,0,0,3,3,0,5,3,3,3,5
20,0,0,0,0,0,0,0,0,0,0,0,0,0,3.5,0,0
21,0,0,0,0,0,0,0,0,0,3,0,0,0,0,0,0
23,0,0,3.5,3.5,0,0,0,0,0,0,0,0,0,3,0,4
24,0,0,5,0,0,0,0,0,0,0,0,0,0,0,0,0
25,0,0,0,0,3,0,0,0,0,0,0,0,0,0,0,0
26,0,0,0,0,0,0,0,0,0,0,0,0,0,5,0,0
30,0,0,4,4,0,4,0,0,0,0,0,4,2,4,0,5
32,0,0,0,0,0,0,0,0,0,0,0,0,4,0,0,0
34,0,0,3,0,0,0,0,0,0,0,0,0,0,0,0,0
36,0,0,3,0,0,0,0,0,0,0,0,0,0,0,0,3
37,0,0,0,0,0,0,0,0,0,0,0,0,0,4,0,0
38,0,0,0,0,0,0,0,0,0,0,0,0,0,0,0,4.5
39,0,0,4,0,0,0,0,0,0,5,0,0,0,0,0,5
41,0,0,0,0,0,0,0,0,0,0,0,0,3.5,0,0,0
43,0,0,0,0,0,0,0,0,0,0,0,0,0,4,0,0
44,3,0,3,0,5,0,0,0,0,0,0,0,0,4,0,0
47,0,0,0,0,0,0,0,0,0,4,0,0,5,5,0,0
48,0,0,0,0,0,0,0,0,0,0,0,0,3.5,4,0,0
49,0,0,0,0,0,0,0,0,0,0,0,0,5,0,0,0
50,0,0,0,0,0,0,0,0,0,4,0,0,0,0,0,0
55,3,0,5,0,0,0,0,0,2,0,0,0,0,3,3,0
56,0,0,0,0,0,0,0,0,0,4,0,0,0,4,0,4
57,0,0,0,5,0,0,0,0,0,0,0,0,0,0,0,0
58,0,0,0,5,0,0,0,0,0,0,0,0,0,0,0,0
59,0,0,0,2.5,0,0,0,0,0,0,0,0,0,0,0,0
60,0,0,0,0,0,0,0,0,0,0,0,0,0,0,0,4.5
61,0,0,0,0,0,0,0,0,0,0,0,0,3.5,0,0,0
63,0,0,0,3.5,0,0,0,0,0,0,0,0,0,5,0,5
67,0,0,5,0,0,0,0,0,0,0,3,0,0,3,0,4
68,0,0,0,3.5,0,0,0,0,0,0,0,0,3,4,0,0
69,5,0,0,0,0,0,0,0,0,0,0,0,3.5,5,0,0
70,5,0,0,0,5,0,0,0,3,0,3,3,0,5,3,0
72,0,0,0,0,0,0,0,0,0,0,0,0,2.5,3.5,0,0
73,0,0,4.5,0,0,0,0,2.5,0,3,0,0,2.5,5,0,4
74,0,0,0,0,0,0,0,0,0,5,0,0,0,0,0,3
75,0,0,0,0,3,0,0,0,0,0,0,0,0,3,0,0
77,0,0,3.5,0,0,0,0,0,0,3,0,0,0,4,0,0
78,0,0,0,0,0,0,0,0,0,5,0,0,3.5,0,0,5
79,0,0,0,0,0,0,0,0,0.5,0,0,0,2.5,2,0,0
80,0,0,4,0,0,0,0,0,4,3,0,0,2,0,0,5
82,0,0,0,0,0,0,0,0,0,3,0,0,0,0,0,0
83,0,0,5,0,0,0,0,0,0,0,0,0,0,0,0,0
84,0,0,0,0,0,0,0,0,0,0,0,0,0,3.5,0,0
85,3,0,0,0,2,0,0,0,0,5,0,0,5,0,0,0
86,0,0,0,1,0,0,0,0,0,0,0,4,0,3,0,0
87,0,0,0,0,0,0,0,0,3,0,0,0,0,3,0,0
88,0,0,0,3.5,0,0,0,0,4,0,0,0,3.5,0,0,0
89,0,0,0,0,0,0,0,0,0,0,0,0,0,5,0,0
90,0,0,4,0,0,0,0,0,0,0,0,0,0,4,0,0
91,0,0,0,0,0,0,0,0,0,0,3.5,0,0,5,0,0
92,0,0,3,4,0,0,0,0,0,2,0,0,3,5,0,0
93,0,0,0,3.5,0,0,0,0,0,0,0,0,0,4,0,0
94,0,0,0,0,0,0,0,0,0,0,0,0,0,4,0,3.5
95,0,0,5,4,0,0,0,0,0,0,0,0,0,0,3,5
97,0,0,0,0,0,0,0,0,0,0,0,0,0,1,0,0
98,3,0,0,0,0,0,0,0,0,0,0,0,0,0,0,0
99,0,0,0,0,0,0,0,0,0,0,0,0,2,4,0,0
100,0,0,3,0,4,0,0,0,3,0,0,0,0,4,0,0
102,0,0,0,0,0,0,0,0,0,0,0,4,0,0,0,0
105,0,0,3,3.5,0,0,0,0,0,3.5,0,0,0,0,0,5
106,0,0,0,0,0,0,0,0,0,0,0,0,0,4,0,0
108,0,0,0,0,0,0,0,0,0,4,0,0,0,0,0,0
109,0,0,0,0,0,0,0,0,0,0,0,0,0,0,0,3.5
110,4,0,4,5,4,0,0,0,4,4,0,0,0,0,5,4
111,3,0,0,4,0,0,0,0,3.5,3.5,0,0,0,0,0,0
112,0,0,3,0,5,0,0,0,0,0,0,0,0,5,0,0
113,5,3,4,0,0,5,0,0,0,3,0,0,5,0,4,5
114,0,0,0,0,0,0,0,0,0,4,0,0,0,0,0,0
115,0,0,0,0,5,0,0,0,0,0,0,0,5,0,0,0
118,0,0,0,0,0,0,0,0,0,0,0,0,0,0,0,4
119,0,0,5,0,0,0,0,0,0,0,0,0,3,2,0,3
120,0,0,0,0,0,0,0,0,0,0,0,0,0,2.5,0,0
121,0,0,4,4,0,0,0,0,0,3,0,0,0,4,0,0
122,0,0,0,0,0,0,0,0,0,3,0,0,0,3,0,0
124,0,0,0,0,0,0,0,0,0,0,0,0,3,4.5,0,0
125,0,0,0,4,0,0,0,0,0,0,0,0,0,4,0,0
126,0,0,0,0,0,0,0,0,0,3,0,0,3,5,0,0
127,4,0,0,0,0,0,0,0,0,0,0,0,0,0,0,0
128,0,3,0,0,2,4,0,0,5,0,0,0,4,5,0,0
130,0,0,0,0,0,0,0,0,0,3.5,0,0,0,3,0,0
134,1,0,0,0,0,0,0,0,0,4,0,0,4.5,3.5,0,4
135,0,0,0,0,0,0,0,0,0,3,0,0,0,0,0,0
136,0,0,0,0,0,0,0,0,0,0,0,0,0,4.5,0,0
137,0,0,0,0,0,0,0,0,0,4,0,0,0,0,0,0
138,0,0,0,0,0,0,0,0,0,0,0,0,0,2,0,0
140,4.5,0,0,0,0,0,0,0,0,0,0,0,0,0,0,0
142,0,0,0,0,0,0,0,0,0,0,0,0,0,4,0,0
144,0,0,0,0,0,0,0,0,0,5,0,0,0,0,0,0
145,0,0,0,0,0,0,0,0,0,5,0,0,0,0,0,0
146,0,0,0,0,0,0,0,0,0,0,0,0,0,5,0,0
149,0,0,0,0,0,0,0,0,0,0,0,0,0,3,0,0
150,2.5,0,0,0,0,0,0,0,0,4,0,0,3,3,0,0
151,0,0,0,0,0,0,0,0,0,5,0,0,4,0,0,0
152,0,0,4,0,0,0,0,0,0,1.5,0,0,0,3.5,0,0
153,0,0,0,0,0,0,0,0,0,0,0,0,0,5,0,0
154,3,0,0,0,4,0,0,0,3,0,0,0,0,4,0,0
157,0,0,0,0,0,0,0,0,0,3.5,2,0,2.5,3.5,0,0
159,0,0,0,0,0,0,0,0,0,2.5,0,0,0,0,0,0
161,0,0,0,4,0,0,0,0,0,4,0,0,4,0,0,0
162,4,0,3,0,2,0,0,0,3,0,0,0,0,0,0,0
163,0,0,0,0,0,0,0,0,0,0,0,0,0,3,0,0
164,0,0,0,0,0,0,0,0,0,4,0,0,0,3.5,0,0
165,0,0,0,0,2.5,0,0,0,0,2.5,0,0,3,2.5,0,0
168,0,3,0,0,0,0,0,0,0,0,0,0,0,5,0,0
169,0,0,0,0,0,0,0,0,0,0,0,0,0,4,0,0
171,0,0,0,0,0,0,0,0,0,0,0,0,0,0,0,5
173,0,0,5,0,0,0,0,0,0,0,0,0,0,4,0,0
175,0,0,0,0,0,0,0,0,0,0,0,0,0,4,0,0
176,0,0,0,0,0,0,0,0,0,0,0,0,3,2,0,0
177,0,0,5,0,0,0,0,0,0,4,0,0,5,5,0,0
178,0,0,0,0,0,0,0,0,0,0,0,0,0,4,0,0
179,0,0,0,0,0,0,0,0,0,0,0,0,0,5,0,0
182,4,3,0,5,4,5,3,0,5,0,0,0,5,0,3,0
184,0,0,0,0,0,0,0,0,0,0,0,0,0,5,0,0
185,0,0,0,0,0,0,0,0,0,0,0,0,4,5,0,0
187,0,0,0,0,0,0,0,0,0,0,0,0,3,4,0,4
188,0,0,0,0,0,0,0,0,0,4,0,0,4,0,0,0
191,0,0,0,0,0,0,0,0,0,2,0,0,0,0,0,0
192,0,0,0,0,0,0,0,0,0,0,0,0,4,0,0,0
193,0,0,0,0,0,0,0,0,0,0,0,0,0,4,0,4
195,0,0,4,0,0,0,0,0,0,0,0,0,0,0,0,0
196,4,0,0,0,0,0,0,0,0,0,0,0,0,0,0,0
199,0,0,4.5,0,0,0,0,0,0,2.5,4,0,0,0,0,4
200,0,0,0,0,0,0,0,0,0,0,0,0,3.5,3,0,0
201,0,0,5,0,0,0,0,0,0,0,0,0,0,5,0,0
204,0,0,0,0,0,0,0,0,0,0,0,0,0,0,0,4
205,0,0,0,0,0,0,0,0,0,3.5,0,0,0,4.5,0,0
208,0,0,0,0,0,0,0,0,0,0,0,0,0,0,0,4
210,0,0,0,0,0,0,0,0,0,0,0,0,0,0,0,2.5
212,2.5,0,0,0,0,0,0,0,0,3.5,0,0,3,3,0,4
213,0,0,0,0,0,0,2.5,3,2,0,0,0,3,3,0,0
214,0,0,0,0,0,0,0,0,0,3,0,0,0,0,0,0
215,0,0,3,0,0,0,0,0,0,0,0,0,0,3,0,0
217,0,0,0,0,4.5,0,0,0,0,0,0,0,0,0,0,4
218,0,0,0,0,0,0,0,0,0,0,0,0,2.5,0,0,0
219,0,0,0,4,0,0,0,0,0,0,0,0,0,5,0,2
220,0,0,0,0,0,0,0,0,0,0,0,0,0,2,0,5
221,0,0,0,0,0,0,0,0,0,0,0,0,0,0,0,3
223,4,0,4,0,0,0,0,0,3,0,0,0,0,0,0,0
224,0,0,5,0,0,0,0,0,0,3,0,0,4,4,0,5
232,0,0,0,4,0,0,0,0,0,0,0,0,0,3,0,0
233,0,0,0,0,3,0,0,0,3,0,0,3,0,0,0,0
235,4.5,0,4,3.5,0,0,0,0,0,0,0,0,0,0,0,0
236,0,0,3,0,0,0,0,0,3.5,3,0,0,0,0,0,0
237,0,0,0,0,0,0,0,0,0,0,0,0,0,3,0,0
239,3,3,0,4,4,0,0,0,0,0,0,0,0,0,0,0
240,0,0,0,0,0,0,0,0,0,0,0,0,0,4.5,0,3.5
241,2,0,0,0,0,0,0,0,0,0,0,0,3,3,0,0
242,0,0,4,5,0,0,0,0,0,0,0,0,0,5,0,5
243,0,0,0,0,0,0,0,0,0,3.5,0,0,0,0,0,0
247,0,0,0,4,0,0,0,0,3,4,3,0,0,4,3,0
249,0,0,0,4,0,0,0,0,0,4,0,0,0,0,0,0
252,0,0,3,0,0,0,0,0,4,0,5,0,0,3,0,0
253,0,0,0,0,0,0,0,0,0,4,0,0,4,4.5,0,2
254,0,0,0,0,0,0,0,0,0,0,0,0,0,0,3,0
256,3,0,3,0,3,0,0,0,3,0,0,4,0,0,3,0
261,0,0,0,0,0,0,0,0,0,0,0,0,0,1.5,0,0
262,0,0,0,0,0,0,0,0,0,0,0,0,2,2.5,0,0
266,0,0,0,0,0,0,0,0,0,0,0,4,0,0,0,0
268,0,0,2.5,3.5,0,0,0,0,0,3,0,0,3.5,5,0,0
271,0,0,0,0,0,0,0,0,0,0,0,0,0,0,0,3.5
272,0,0,0,0,0,0,0,0,0,0,0,0,0,4,0,0
273,0,0,0,0,0,0,0,0,0,0,0,0,0,4.5,0,0
275,0,0,0,0,4,0,0,0,0,0,0,0,0,5,0,4.5
279,0,0,0,0,0,0,0,0,0,3,0,0,3,0,0,0
280,0,0,0,3,0,0,0,0,0,0,0,0,0,0,0,0
282,0,0,0,0,0,0,0,0,0,3,0,0,0,4,0,0
283,0,0,0,0,0,0,0,0,3.5,0,0,0,0,3,0,0
284,4,0,5,0,3,0,0,0,1,0,1,3,0,3,0,0
285,0,0,0,0,3,0,0,0,0,4,0,0,3,4,0,0
287,0,0,0,0,0,0,4.5,0,0,0,0,0,5,5,0,0
288,0,0,3,0,0,0,0,0,0,3,0,0,4,0,0,0
290,0,0,0,0,0,0,0,0,0,4.5,0,0,0,0,0,0
292,4,0,0,4.5,0,0,0,0,0,4,0,0,3.5,4,0,4.5
293,0,0,0,0,0,0,0,0,0,0,0,0,0,4,0,0
294,3.5,0,0,3,0,0,0,0,5,3.5,4,0,0,4,0,0
295,0,0,4.5,0,0,0,0,0,0,4.5,0,0,0,0,0,0
298,0,0,3.5,0,0,0,0,0,0,0,0,0,5,0,0,0
299,0,0,0,0,0,0,0,0,0,0,0,0,0,0,0,4.5
302,0,0,0,0,0,0,0,0,0,3,0,0,0,0,0,0
304,0,0,0,0,0,0,0,0,0,0,0,4,0,0,0,0
306,2,0,0,4,0,0,0,0,2,0,0,3,4,3,0,4
311,0,0,4,5,0,0,0,2,3,3,0,3,0,3,0,2
312,0,0,5,3,0,0,0,0,1,1,0,0,2,5,0,0
313,3.5,0,0,0,0,0,0,0,0,3.5,0,0,3,4,0,0
314,0,0,0,0,0,0,0,0,0,0,0,0,0,2,0,0
318,3,0,3,0,0,0,0,0,0,0,0,0,0,1,4,0
319,0,0,0,4,0,0,0,0,0,0,0,0,0,0,0,0
321,0,0,0,0,0,0,0,0,0,0,0,0,0,3,0,0
324,0,0,0,0,0,0,0,0,0,0,0,0,4,4,0,0
328,0,0,0,0,0,0,0,0,0,0,0,0,0,4,0,0
329,3,0,5,0,3,0,0,0,4,0,0,0,0,5,0,0
330,0,0,0,0,0,0,0,0,0,0,0,0,0,0,0,3
333,0,0,0,0,0,0,0,0,0,0,0,0,0,4,0,0
334,0,0,0,0,0,0,0,0,0,0,0,0,0,5,0,0
336,0,0,0,0,0,0,0,0,0,0,0,0,0,2,0,0
338,0,0,0,0,0,0,0,0,0,0,0,0,3,0,0,0
340,0,0,4,0,0,0,0,0,0,0,0,0,0,0,0,0
341,0,0,0,0,0,0,0,0,0,0,0,4,0,0,0,0
342,0,0,0,0,0,0,0,0,0,0,0,3,0,0,0,0
343,0,0,5,0,0,0,0,0,0,0,0,0,0,5,0,0
344,2,0,0,0,0,0,0,0,0,0,0,0,0,4,0,0
345,2,0,2.5,0,0,0,0,0,0,0,0,0,0,4.5,0,0
346,0,0,0,0,0,0,0,0,0,0,0,0,2,0,0,0
350,0,0,0,0,0,0,0,0,0,0,0,0,0,4,0,0
353,0,0,0,0,0,0,0,0,0,3,0,0,2,3.5,0,0
354,0,0,0,5,0,0,0,0,0,0,0,0,0,5,0,0
355,0,0,4,0,0,0,0,0,0,3.5,0,0,3,3,0,0
357,0,0,0,0,0,0,0,0,0,0,0,0,0,5,0,0
358,2,0,3,3,1,0,0,0,4,0,1,0,0,5,0,0
361,0,0,0,0,4,0,0,0,3,0,3,4,0,3,3,0
363,0,0,0,0,0,0,0,0,0,0,0,0,0,5,0,0
367,0,0,2,0,0,0,0,0,0,0,0,0,0,0,0,0
369,0,0,0,0,0,0,0,0,0,3,0,0,3,0,0,0
373,0,0,0,0,0,0,0,0,0,0,0,0,0,0,0,4
375,0,0,0,0,0,0,0,0,0,4,0,0,0,0,0,0
379,0,0,0,0,0,0,0,0,0,0,0,0,0,3.5,0,0
380,0,0,4,2,0,0,0,0,0,0,0,0,0,4,0,4
381,4,0,0,0,0,0,0,0,0,0,0,0,0,0,0,0
382,3,0,0,5,0,0,0,0,5,0,0,0,3,3.5,0,0
383,0,0,3,0,0,0,0,0,0,0,0,3,0,5,2,0
384,0,0,0,0,0,0,0,0,0,3.5,0,0,0,0,0,0
385,0,0,5,4,0,0,0,0,0,3,0,0,0,0,0,5
386,0,0,0,0,0,0,0,0,0,0,0,0,0,0,0,4
387,0,0,0,4,0,0,0,0,0,0,0,0,0,0,0,0
388,0,0,5,0,0,0,0,0,0,2,0,4,0,0,0,3
389,4,0,0,0,0,0,0,0,0,4,0,0,4,0,0,0
390,0,0,0,5,5,0,0,3,3,3,0,2,0,4,3,0
391,0,2,0,0,0,0,0,0,0,0,0,0,0,0,0,0
393,0,0,0,0,0,0,0,0,0,0,0,0,0,0,0,2.5
396,0,0,0,3,0,0,0,4,0,3,4,0,3,5,0,0
399,0,0,0,0,0,0,0,0,0,3,0,0,0,0,0,0
400,0,0,0,0,0,0,0,0,0,3,0,0,0,0,0,0
401,0,0,0,0,0,0,0,0,0,0,0,0,0,5,0,0
402,0,0,0,4.5,0,0,4.5,0,0,0,0,0,0,2,0,0
403,0,0,0,0,0,0,0,0,0,0,0,0,0,4,0,0
404,0,0,4,0,0,0,0,0,0,0,0,0,0,0,0,0
405,0,0,0,0,0,0,0,0,0,3.5,0,0,0,0,0,0
406,0,0,0,0,0,0,0,0,0,0,0,0,0,3.5,0,0
407,0,0,0,0,0,0,0,0,0,0,0,4,0,4,0,0
408,0,0,0,0,0,0,0,0,0,0,0,0,0,2,0,2
409,0,0,0,0,0,0,0,1,0,0,0,0,0,5,0,4
410,0,0,0,0,0,0,0,0,0,0,0,0,0,5,0,0
412,0,0,0,0,0,0,0,0,0,0,0,0,0,4,0,0
413,0,0,5,0,0,0,0,0,5,0,0,0,0,0,0,0
415,0,0,0,0,0,0,0,0,0,4,0,0,0,0,0,0
416,0,0,0,4,4,0,0,0,4,4,0,0,0,0,0,0
417,0,0,0,0,0,0,0,0,0,0,0,0,0,3.5,0,0
418,0,0,0,0,0,0,0,0,0,2.5,0,0,2,3.5,0,0
419,0,0,0,0,0,0,0,0,0,0,0,0,0,4.5,0,0
421,0,0,0,5,0,0,0,0,0,0,0,0,0,2,0,0
422,0,0,0,0,0,0,0,0,0,0,0,0,0,5,0,0
423,0,0,0,0,0,0,0,0,0,0,0,0,0,0,0,3.5
425,0,0,0,0,0.5,0,0,0,0,0,0,0,0,4.5,0,0
426,0,0,0,0,0,0,0,0,0,0,0,0,3,3,0,0
428,0,0,0,0,0,0,0,0,0,2.5,0,0,3,5,0,5
430,0,0,4,0,1.5,0,0,0,0,3.5,0,0,0,4,0,0
431,4.5,0,0,0,0,0,0,0,0,0,0,0,0,4.5,0,0
432,0,0,0,0,0,0,0,0,0,0,0,0,0,5,0,0
433,0,0,5,1.5,0,0,0,0,0,0,0,0,0,4.5,0,4.5
434,0,0,4,0,0,0,0,0,0,0,0,0,0,4,0,0
437,0,0,0,0,0,0,0,0,0,0,0,0,0,4,0,0
440,0,0,0,0,0,0,0,0,0,0,0,0,4,4,0,0
442,0,0,0,0,4.5,0,0,0,0,0,0,0,4,4,0,4.5
447,0,0,3,3,0,0,0,0,0,3,0,0,3,3,0,0
448,0,0,0,0,0,0,0,0,0,0,0,0,0,3,0,0
452,3,0,4,4,1,0,0,0,3,0,0,5,0,3.5,0,4
455,0,0,0,0,0,0,0,0,0,0,0,0,0,3.5,0,0
456,0,0,0,0,0,0,0,0,0,0,0,0,0,3.5,0,0
457,1,0,3,0,1.5,0,0,0,0,2,0,0,0,1.5,0,3.5
458,0,0,0,0,0,0,0,0,0,4,0,0,0,3.5,0,0
459,0,0,4,0,4,0,0,0,3,0,0,4,0,5,0,0
460,0,3.5,0,0,0,0,0,0,0,0,0,0,0,4.5,0,0
461,0,1.5,4,1.5,0,0,0,0,0.5,2,0,0,0,3.5,0,3
463,0,0,0,3,0,0,0,0,4,0,0,0,0,3,0,0
464,0,0,0,0,0,0,0,0,0,5,0,0,0,0,0,0
466,0,0,0,0,0,0,0,0,0,0,0,0,3,5,0,0
468,0,0,3.5,2,2.5,0,0,0,0,3,0,0,2,4,0,3.5
470,0,0,0,0,0,0,0,0,0,0,0,0,0,3.5,0,0
471,0,0,0,0,0,0,0,0,0,4.5,0,0,3,3.5,0,0
472,0,0,3,3,0,0,0,0,2,0,0,0,0,5,0,4
473,0,0,0,0,0,0,0,0,0,0,0,0,5,0,0,0
475,0,0,0,0,0,0,0,0,0,0,0,0,0,4.5,0,0
479,0,0,0,0,0,0,0,0,0,0,0,0,4,0,0,0
480,0,0,0,0,0,0,0,0,0,0,0,0,5,5,0,0
481,0,0,0,0,0,0,0,0,0,0,0,0,0,4,0,0
484,0,0,0,0,4,0,0,0,0,0,0,0,0,3,0,0
486,0,0,0,0,0,0,0,0,0,0,0,0,0,5,0,0
487,0,0,0,4,0,0,0,0,0,4,0,0,4,0,0,0
490,0,0,5,0,0,0,0,0,0,0,0,3,0,1,4,0
491,0,0,0,3,0,0,0,0,0,0,0,0,0,5,0,0
493,0,0,0,4,0,0,0,0,4,0,0,0,0,0,0,0
496,0,0,5,4,3,0,0,3,0,0,0,0,4,0,0,0
500,0,0,0,0,0,0,0,0,0,0,0,0,1.5,2,0,0
501,0,0,0,0,0,0,0,0,0,0,0,0,0,5,0,0
502,0,0,3,0,0,0,0,0,0,0,0,0,0,4,0,0
503,0,0,0,0,0,0,0,0,0,0,0,0,0,4,0,0
505,0,0,0,0,3,0,0,0,3,0,0,0,0,0,0,0
506,0,0,0,0,0,0,0,0,0,0,0,0,3,4,0,0
507,0,0,0,0,2,0,0,0,0,0,0,0,0,3,1,0
508,0,0,0,3,0,0,0,0,0,0,0,0,0,0,0,0
509,0,0,3,3,2,0,0,0,0,0,0,3,0,3,0,0
510,0,0,0,0,0,0,0,0,0,0,0,0,0,1,0,0
511,0,0,0,4,0,0,0,0,0,0,0,0,0,0,0,0
514,1,0,0,0,1,0,0,0,0,0,0,3,0,4,0,0
516,3,0,4,0,3,0,3,0,4,4,3,0,0,0,3,0
517,0,0,0,5,0,0,0,0,0,0,0,0,5,0,0,0
518,3,1,0,5,0,0,5,0,3,0,0,0,4,5,4,0
520,0,0,0,0,0,0,0,0,0,0,0,0,0,3,0,0
522,0,0,0,0,0,0,0,0,0,0,0,0,2.5,0,0,0
525,0,0,4,0,0,0,0,0,0,3,0,0,2,2,0,0
526,0,0,0,0,0,0,0,0,0,0,0,0,0,4,0,0
529,0,0,0,0,0,0,0,0,0,0,0,0,0,4,0,0
530,0,0,0,0,0,0,0,0,0,0,0,4,0,5,0,0
531,0,0,0,0,0,0,0,0,0,0,0,0,4,3,0,0
534,0,0,5,3,2,0,0,0,0,0,0,0,4,5,0,0
535,0,0,0,3,0,0,0,0,0,3,0,0,3,0,0,0
537,0,0,0,3,0,0,0,0,5,0,0,0,3,5,0,0
538,0,0,0,0,0,0,0,0,0,0,0,0,0,5,0,0
542,0,0,0,0,0,0,0,0,0,0,0,0,0,4.5,0,0
543,3,0,0,0,5,0,0,0,5,0,0,0,0,5,0,0
544,0,0,4.5,0,0,0,0,0,0,0,0,0,0,0,0,0
547,0,0,2.5,3,0,0,0,0,2,0,0,3.5,0,3.5,0,0
548,3,0,3,3,4,0,0,0,0,4,0,0,3,4,0,0
550,0,0,0,4,0,0,0,0,0,4,0,0,0,0,0,0
551,0,0,0,0,0,0,0,0,4,0,3,0,0,0,0,0
552,0,0,0,0,0,0,0,0,0,3,0,0,0,0,0,0
553,0,0,0,0,0,0,0,0,0,0,0,0,0,4,0,0
555,0,0,0,0,0,0,0,0,0,3,0,0,0,0,0,0
559,0,0,0,0,3,0,0,0,0,0,0,0,0,4,0,0
560,0,0,0,0,0,0,0,0,0,4,0,0,0,4.5,0,0
561,0,0,0,0,0,0,0,0,0,3.5,0,0,3,3,0,0
562,3.5,0,4,4,0,0,0,0,0,0,0,0,0,4.5,0,0
564,3,0,1,3,3,0,4,1,3,3,1,0,4,4,0,0
568,0,0,0,0,0,0,0,0,0,4,0,0,0,3,0,0
569,0,0,0,5,0,0,0,0,0,0,0,0,0,0,0,0
570,0,0,0,0,0,0,0,0,0,0,0,0,0,1.5,0,0
574,0,0,5,0,3.5,0,0,0,0,3,0,0,0,4,0,0
575,0,0,0,3,0,0,0,0,4,0,0,0,4,3,0,0
577,0,0,4,0,0,0,0,0,0,3.5,0,0,0,5,0,0
580,0,0,3.5,0,0,0,0,0,0,0,3,0,3.5,4,0,0
584,0,0,0,0,0,0,0,0,0,0,0,0,0,5,0,0
585,0,0,0,0,0,0,0,0,0,0,0,0,0,4,0,0
586,0,0,0,0,0,0,0,0,0,0,0,0,0,4,0,0
588,0,0,4,0,0,0,0,0,0,3,0,3,0,0,0,0
589,0,0,0,0,0,0,0,0,0,4,0,0,0,0,0,0
590,3,0,4,0,0,0,0,0,0,3,0,0,3,0,0,0
592,0,0,0,0,0,0,0,0,0,4,0,0,0,0,0,0
593,0,0,0,0,0,0,0,0,0,2,0,0,3,0,0,0
594,0,0,0,0,0,0,0,0,0,0,0,0,0,4,0,0
595,0,0,0,0,0,0,5,0,0,0,0,0,2,5,0,0
596,0,0,4,0,0,0,0,0,0,3.5,0,0,0,3.5,0,0
597,0,0,0,4,0,0,0,0,0,0,0,0,0,5,0,0
598,0,0,0,4,0,0,0,2,0,0,0,0,0,4.5,0,0
602,0,0,0,3,0,0,0,0,0,3,0,0,4,0,0,0
603,0,0,4,0,2,0,0,0,0,0,0,0,4,4,0,0
605,0,0,0,3,2,0,0,0,0,0,0,0,0,0,0,0
607,0,0,0,0,3.5,0,0,0,3.5,3.5,0,0,3,4.5,0,0
608,0,0,5,0,0,0,0,0,0,3,0,0,0,4,0,0
614,0,0,0,0,2,1,0,0,0,0,0,0,0,0,0,0
615,0,0,3.5,0,0,0,0,0,0,0,0,0,0,4,0,0
616,0,0,3,0,3,0,0,0,3,0,0,0,0,4,0,0
621,4.5,0,0,0,0,0,0,0,0,0,0,0,0,0,0,0
623,0,0,0,0,0,0,0,0,0,0,0,0,0,4.5,0,0
624,3,0,0,0,3,0,0,0,0,4,2,0,3,5,0,0
627,0,0,4,0,0,0,0,0,0,0,0,0,0,0,0,0
630,0,0,0,0,0,0,0,0,0,0,0,0,0,4,0,0
633,0,0,3,0,0,0,0,0,0,0,0,0,0,0,0,0
636,0,0,0,0,0,0,0,0,0,0,0,0,0,3,0,0
639,0,0,0,4,0,0,0,0,0,0,0,0,0,0,0,0
640,3,0,0,0,4,0,0,0,0,0,3,2,0,0,3,0
641,4,0,4,4,3,0,0,0,4,3,0,0,4,4,0,0
644,0,1,0,0,0,0,0,0,0,0,0,0,0,0,0,0
646,0,0,0,0,5,0,0,0,0,0,0,0,0,5,0,0
647,0,0,4,0,0,0,0,0,0,0,0,0,0,4,0,0
648,0,0,4,0,0,0,0,0,0,0,0,0,0,0,0,0
649,0,3,0,0,0,0,0,0,0,5,0,0,0,4,0,0
650,3,1,0,5,3,0,0,2,0,4,0,0,0,0,0,0
653,0,0,0,0,0,0,0,0,0,0,0,0,0,4,0,0
654,4,0,0,4.5,0,0,0,2,0,4,0,0,3,5,0,0
655,0,0,0,0,0,0,0,0,0,0,0,0,4,0,0,0
659,0,0,3,0,0,0,0,0,0,0,0,4,0,0,0,0
660,0,0,0,0,0,0,0,0,0,0,0,0,0,2.5,0,0
662,0,0,0,0,0,0,0,0,0,3,0,0,5,0,0,0
663,0,0,0,0,0,0,0,0,0,0,0,0,0,4,0,0
664,0,0,4,0,0,0,0,0,0,0,0,0,0,3.5,0,0
665,3,0,0,0,3,0,0,0,0,0,0,0,3,0,0,0
666,0,0,5,0,0,0,0,0,0,3,0,0,0,0,0,0
667,0,0,4,3,0,0,0,0,0,0,0,0,0,0,0,0
670,0,0,0,0,0,0,0,0,0,0,0,0,0,4,0,0
671,0,0,0,0,0,0,0,0,0,0,0,0,0,5,0,0